levene_statistic,levene_pvalue
0.9177958446251133,0.4545324415051576
