group,shapiro_W,shapiro_pvalue,n
Treatment_A,0.9831184717175968,0.9505832661563851,5
Treatment_B,0.9243673585119998,0.558495993119296,5
Treatment_C,0.9839636581875411,0.9546435261733434,5
Treatment_D,0.930920961078322,0.6026642701660856,5
