group_1,group_2,mean_1,mean_2,difference_mean_1_minus_2,standard_error,welch_df,t_statistic,pvalue_raw,ci_low,ci_high,hedges_g,pvalue_holm,reject_at_alpha
Treatment_C,Treatment_D,23.04,20.36,2.6799999999999997,0.48908077042549947,7.999440761235804,5.479667494733854,0.0005878300232305267,1.5521639966410594,3.80783600335894,3.1302609219673254,0.0035269801393831603,True
Treatment_B,Treatment_D,22.419999999999998,20.36,2.0599999999999987,0.4516635916254488,7.793579510766363,4.560916660531486,0.0019761028885529977,1.0136405560707198,3.1063594439292777,2.6054243627979203,0.009880514442764988,True
Treatment_A,Treatment_C,20.28,23.04,-2.759999999999998,0.6774953874381731,6.529761755328497,-4.0738284734844346,0.0054755561475763985,-4.385708796341534,-1.134291203658462,-2.3271751590039678,0.021902224590305594,True
Treatment_A,Treatment_B,20.28,22.419999999999998,-2.139999999999997,0.650999231950392,5.898031421982123,-3.287254262326182,0.017091991489466572,-3.739637289912892,-0.540362710087102,-1.8778445166279123,0.05127597446839972,False
Treatment_B,Treatment_C,22.419999999999998,23.04,-0.620000000000001,0.453872228716409,7.773043825489344,-1.3660232126416196,0.21014120093530872,-1.671974444091247,0.43197444409124497,-0.7803409760066127,0.42028240187061744,False
Treatment_A,Treatment_D,20.28,20.36,-0.0799999999999983,0.676017751246223,6.497065029757229,-0.11834008774550692,0.9093730599200869,-1.7039579911859062,1.5439579911859096,-0.06760179381831938,0.9093730599200869,False
