group,n,mean,std,median,q25,q75
Treatment_A,5,20.28,1.3007690033207286,20.1,19.5,21.1
Treatment_B,5,22.419999999999998,0.6534523701081815,22.3,22.2,23.0
Treatment_C,5,23.04,0.7765307463326866,23.1,22.8,23.4
Treatment_D,5,20.36,0.7700649323271386,20.2,19.8,21.0
